-- phpMyAdmin SQL Dump
-- version 4.9.0.1
-- https://www.phpmyadmin.net/
--
-- Host: 127.0.0.1
-- Generation Time: Jul 22, 2024 at 03:43 AM
-- Server version: 10.4.6-MariaDB
-- PHP Version: 7.3.9

SET SQL_MODE = "NO_AUTO_VALUE_ON_ZERO";
SET AUTOCOMMIT = 0;
START TRANSACTION;
SET time_zone = "+00:00";


/*!40101 SET @OLD_CHARACTER_SET_CLIENT=@@CHARACTER_SET_CLIENT */;
/*!40101 SET @OLD_CHARACTER_SET_RESULTS=@@CHARACTER_SET_RESULTS */;
/*!40101 SET @OLD_COLLATION_CONNECTION=@@COLLATION_CONNECTION */;
/*!40101 SET NAMES utf8mb4 */;

--
-- Database: `rfstore`
--

-- --------------------------------------------------------

--
-- Table structure for table `chatting`
--

CREATE TABLE `chatting` (
  `id_chatting` int(11) NOT NULL,
  `id_pelanggan` int(11) NOT NULL,
  `time` timestamp NOT NULL DEFAULT current_timestamp() ON UPDATE current_timestamp(),
  `pelanggan_send` text DEFAULT '0',
  `admin_send` text DEFAULT '0',
  `stat_read` int(11) NOT NULL DEFAULT 0
) ENGINE=InnoDB DEFAULT CHARSET=latin1;

--
-- Dumping data for table `chatting`
--

INSERT INTO `chatting` (`id_chatting`, `id_pelanggan`, `time`, `pelanggan_send`, `admin_send`, `stat_read`) VALUES
(1, 1, '2024-07-11 10:24:42', 'halo', '0', 1),
(2, 1, '2024-07-11 10:24:42', '0', 'halo juga', 1),
(3, 1, '2024-07-11 12:11:32', 'ready gak?', '0', 1);

-- --------------------------------------------------------

--
-- Table structure for table `detail_tran`
--

CREATE TABLE `detail_tran` (
  `id_detail` int(11) NOT NULL,
  `id_transaksi` int(11) NOT NULL,
  `id_produk` int(11) NOT NULL,
  `qty` int(11) NOT NULL
) ENGINE=InnoDB DEFAULT CHARSET=latin1;

--
-- Dumping data for table `detail_tran`
--

INSERT INTO `detail_tran` (`id_detail`, `id_transaksi`, `id_produk`, `qty`) VALUES
(1, 1, 1, 2),
(2, 2, 2, 1),
(3, 3, 2, 2),
(4, 4, 2, 1),
(5, 5, 2, 3),
(6, 6, 2, 3),
(7, 7, 2, 2),
(8, 8, 2, 2),
(9, 9, 2, 3),
(10, 10, 2, 1),
(11, 11, 3, 1),
(12, 12, 2, 3),
(13, 13, 2, 2),
(14, 14, 2, 3),
(15, 15, 2, 2),
(16, 16, 2, 3),
(17, 17, 2, 2),
(18, 18, 2, 2),
(19, 19, 2, 3),
(20, 20, 3, 1),
(21, 21, 3, 3),
(22, 22, 3, 1),
(23, 23, 3, 2),
(24, 24, 3, 2),
(25, 25, 3, 3),
(26, 26, 3, 3),
(27, 27, 3, 1),
(28, 28, 3, 1),
(29, 29, 3, 1),
(30, 30, 3, 2),
(31, 31, 3, 3),
(32, 32, 3, 3),
(33, 33, 3, 1),
(34, 34, 3, 2),
(35, 35, 3, 1),
(36, 36, 3, 2),
(37, 37, 3, 3),
(38, 38, 3, 2),
(39, 39, 3, 1),
(40, 40, 3, 2),
(41, 41, 3, 2),
(42, 42, 3, 2),
(43, 43, 3, 1),
(44, 44, 3, 2),
(45, 45, 3, 1),
(46, 46, 3, 1),
(47, 47, 3, 2),
(48, 48, 3, 2),
(49, 49, 3, 1),
(50, 50, 3, 2),
(51, 51, 3, 3),
(52, 52, 3, 1),
(53, 53, 4, 2),
(54, 54, 5, 3),
(55, 55, 6, 2),
(56, 56, 6, 3),
(57, 57, 6, 1),
(58, 58, 7, 2),
(59, 59, 7, 1),
(60, 60, 7, 2),
(61, 61, 8, 2),
(62, 62, 8, 2),
(63, 63, 8, 1),
(64, 64, 8, 1),
(65, 65, 8, 2),
(66, 66, 9, 3),
(67, 67, 9, 2),
(68, 68, 1, 2),
(69, 69, 1, 1),
(70, 70, 1, 3),
(71, 71, 1, 3),
(72, 72, 10, 3),
(73, 73, 10, 3),
(74, 74, 11, 2),
(75, 75, 11, 2),
(76, 76, 11, 3),
(77, 77, 12, 2),
(78, 78, 13, 2),
(79, 79, 13, 2),
(80, 80, 14, 3),
(81, 81, 15, 3),
(82, 82, 15, 2),
(83, 83, 15, 3),
(84, 84, 15, 2),
(85, 85, 15, 2),
(86, 86, 15, 2),
(87, 87, 15, 3),
(88, 88, 15, 1),
(89, 89, 15, 1),
(90, 90, 15, 3),
(91, 91, 14, 1),
(92, 92, 14, 3),
(93, 93, 15, 3),
(94, 94, 16, 3),
(95, 95, 16, 2),
(96, 96, 17, 2),
(97, 97, 17, 3),
(98, 98, 17, 2),
(99, 99, 18, 3),
(100, 100, 18, 3),
(101, 101, 18, 3),
(102, 102, 19, 1),
(103, 103, 19, 1),
(104, 104, 19, 3),
(105, 105, 19, 1),
(106, 106, 19, 1),
(107, 107, 20, 3),
(108, 108, 20, 1),
(109, 109, 21, 3),
(110, 110, 21, 1),
(111, 111, 22, 2),
(112, 112, 22, 1),
(113, 113, 22, 2),
(114, 114, 23, 2),
(115, 115, 23, 3),
(116, 116, 23, 2),
(117, 117, 23, 3),
(118, 118, 24, 1),
(119, 119, 24, 3),
(120, 120, 24, 1),
(121, 121, 25, 2),
(122, 122, 26, 1),
(123, 123, 26, 2),
(124, 124, 26, 2),
(125, 125, 26, 1),
(126, 126, 27, 3),
(127, 127, 27, 3),
(128, 128, 27, 3),
(129, 129, 27, 2),
(130, 130, 27, 3),
(131, 131, 27, 2),
(132, 132, 27, 3),
(133, 133, 27, 3),
(134, 134, 27, 2),
(135, 135, 28, 3),
(136, 136, 28, 3),
(137, 137, 28, 3),
(138, 138, 28, 2),
(139, 139, 61, 1),
(140, 140, 29, 1),
(141, 141, 29, 1),
(142, 142, 29, 3),
(143, 143, 29, 1),
(144, 144, 29, 1),
(145, 145, 29, 2),
(146, 146, 29, 2),
(147, 147, 29, 3),
(148, 148, 29, 1),
(149, 149, 29, 3),
(150, 150, 29, 1),
(151, 151, 29, 1),
(152, 152, 29, 2),
(153, 153, 29, 3),
(154, 154, 29, 1),
(155, 155, 29, 1),
(156, 156, 29, 2),
(157, 157, 29, 1),
(158, 158, 29, 2),
(159, 159, 29, 2),
(160, 160, 29, 1),
(161, 161, 29, 3),
(162, 162, 29, 2),
(163, 163, 29, 1),
(164, 164, 29, 3),
(165, 165, 29, 1),
(166, 166, 29, 3),
(167, 167, 30, 2),
(168, 168, 30, 1),
(169, 169, 30, 3),
(170, 170, 30, 2),
(171, 171, 31, 1),
(172, 172, 31, 2),
(173, 173, 31, 2),
(174, 174, 32, 1),
(175, 175, 32, 2),
(176, 176, 32, 3),
(177, 177, 32, 1),
(178, 178, 32, 2),
(179, 179, 32, 2),
(180, 180, 32, 3),
(181, 181, 32, 1),
(182, 182, 32, 1),
(183, 183, 32, 3),
(184, 184, 32, 3),
(185, 185, 32, 2),
(186, 186, 32, 3),
(187, 187, 32, 3),
(188, 188, 32, 1),
(189, 189, 32, 2),
(190, 190, 32, 1),
(191, 191, 33, 3),
(192, 192, 34, 1),
(193, 193, 34, 2),
(194, 194, 35, 2),
(195, 195, 35, 2),
(196, 196, 35, 3),
(197, 197, 35, 1),
(198, 198, 33, 3),
(199, 199, 33, 3),
(200, 200, 33, 2),
(201, 201, 33, 2),
(202, 202, 33, 2),
(203, 203, 33, 3),
(204, 204, 33, 1),
(205, 205, 33, 1),
(206, 206, 33, 3),
(207, 207, 33, 3),
(208, 208, 33, 2),
(209, 209, 33, 2),
(210, 210, 33, 2),
(211, 211, 33, 1),
(212, 212, 33, 1),
(213, 213, 33, 1),
(214, 214, 33, 1),
(215, 215, 33, 2),
(216, 216, 33, 1),
(217, 217, 33, 3),
(218, 218, 33, 2),
(219, 219, 33, 3),
(220, 220, 33, 3),
(221, 221, 33, 1),
(222, 222, 33, 3),
(223, 223, 33, 1),
(224, 224, 33, 2),
(225, 225, 33, 2),
(226, 226, 33, 2),
(227, 227, 33, 3),
(228, 228, 33, 2),
(229, 229, 33, 3),
(230, 230, 33, 2),
(231, 231, 33, 2),
(232, 232, 33, 1),
(233, 233, 33, 1),
(234, 234, 33, 1),
(235, 235, 35, 1),
(236, 236, 35, 3),
(237, 237, 35, 3),
(238, 238, 35, 1),
(239, 239, 35, 1),
(240, 240, 35, 3),
(241, 241, 35, 3),
(242, 242, 35, 2),
(243, 243, 35, 1),
(244, 244, 35, 1),
(245, 245, 35, 3),
(246, 246, 35, 2),
(247, 247, 35, 3),
(248, 248, 35, 1),
(249, 249, 35, 1),
(250, 250, 35, 1),
(251, 251, 35, 2),
(252, 252, 35, 2),
(253, 253, 35, 2),
(254, 254, 35, 1),
(255, 255, 35, 3),
(256, 256, 35, 2),
(257, 257, 37, 3),
(258, 258, 37, 1),
(259, 259, 37, 1),
(260, 260, 37, 2),
(261, 261, 38, 3),
(262, 262, 39, 3),
(263, 263, 40, 3),
(264, 264, 40, 3),
(265, 265, 40, 3),
(266, 266, 40, 2),
(267, 267, 41, 2),
(268, 268, 41, 2),
(269, 269, 41, 3),
(270, 270, 41, 2),
(271, 271, 41, 2),
(272, 272, 42, 2),
(273, 273, 42, 2),
(274, 274, 43, 3),
(275, 275, 43, 2),
(276, 276, 43, 3),
(277, 277, 44, 2),
(278, 278, 44, 2),
(279, 279, 44, 2),
(280, 280, 45, 1),
(281, 281, 45, 1),
(282, 282, 45, 1),
(283, 283, 45, 1),
(284, 284, 46, 1),
(285, 285, 46, 1),
(286, 286, 46, 3),
(287, 287, 46, 2),
(288, 288, 47, 1),
(289, 289, 47, 2),
(290, 290, 47, 3),
(291, 291, 47, 2),
(292, 292, 47, 3),
(293, 293, 48, 2),
(294, 294, 48, 3),
(295, 295, 49, 3),
(296, 296, 50, 1),
(297, 297, 51, 1),
(298, 298, 52, 1),
(299, 299, 52, 3),
(300, 300, 52, 1),
(301, 301, 52, 1),
(302, 302, 52, 2),
(303, 303, 53, 1),
(304, 304, 53, 1),
(305, 305, 53, 2),
(306, 306, 53, 3),
(307, 307, 53, 3),
(308, 308, 53, 2),
(309, 309, 54, 2),
(310, 310, 54, 3),
(311, 311, 54, 3),
(312, 312, 55, 1),
(313, 313, 56, 3),
(314, 314, 56, 1),
(315, 315, 56, 1),
(316, 316, 56, 1),
(317, 317, 56, 3),
(318, 318, 56, 1),
(319, 319, 56, 3),
(320, 320, 56, 2),
(321, 321, 56, 3),
(322, 322, 57, 1),
(323, 323, 57, 3),
(324, 324, 57, 2),
(325, 325, 58, 1),
(326, 326, 58, 2),
(327, 327, 59, 3),
(328, 328, 62, 1),
(329, 329, 62, 1),
(330, 330, 62, 2),
(331, 331, 62, 1),
(332, 332, 62, 3),
(333, 333, 60, 2),
(334, 334, 60, 1),
(335, 335, 60, 2),
(336, 336, 60, 3);

-- --------------------------------------------------------

--
-- Table structure for table `diskon`
--

CREATE TABLE `diskon` (
  `id_diskon` int(11) NOT NULL,
  `id_produk` int(11) NOT NULL,
  `nama_diskon` varchar(125) NOT NULL,
  `disc` int(11) NOT NULL
) ENGINE=InnoDB DEFAULT CHARSET=latin1;

--
-- Dumping data for table `diskon`
--

INSERT INTO `diskon` (`id_diskon`, `id_produk`, `nama_diskon`, `disc`) VALUES
(2, 1, 'Sale!', 5);

-- --------------------------------------------------------

--
-- Table structure for table `kupon`
--

CREATE TABLE `kupon` (
  `id_kupon` int(11) NOT NULL,
  `nama_kupon` varchar(125) NOT NULL,
  `deskripsi_kupon` text NOT NULL,
  `potongan_harga` varchar(15) NOT NULL
) ENGINE=InnoDB DEFAULT CHARSET=latin1;

--
-- Dumping data for table `kupon`
--

INSERT INTO `kupon` (`id_kupon`, `nama_kupon`, `deskripsi_kupon`, `potongan_harga`) VALUES
(2, 'Weekend', 'Kupon untuk kamu yang setia', '50000');

-- --------------------------------------------------------

--
-- Table structure for table `pelanggan`
--

CREATE TABLE `pelanggan` (
  `id_pelanggan` int(11) NOT NULL,
  `nama_pelanggan` varchar(125) NOT NULL,
  `alamat` text NOT NULL,
  `no_hp` varchar(15) NOT NULL,
  `username` varchar(125) NOT NULL,
  `password` varchar(125) NOT NULL,
  `level_member` int(11) NOT NULL DEFAULT 0
) ENGINE=InnoDB DEFAULT CHARSET=latin1;

--
-- Dumping data for table `pelanggan`
--

INSERT INTO `pelanggan` (`id_pelanggan`, `nama_pelanggan`, `alamat`, `no_hp`, `username`, `password`, `level_member`) VALUES
(1, 'Lisa Dewi M', 'Kuningan, Jawa Barat', '0', 'lisa dewi m', 'pass1', 1),
(2, 'PUSPITA SARI', 'Kuningan, Jawa Barat', '0', 'puspita sari', 'pass2', 2),
(3, 'Cicih Warniasih ', 'Kuningan, Jawa Barat', '0', 'cicih warniasih ', 'pass3', 2),
(4, 'Khaerum Anisa', 'Kuningan, Jawa Barat', '0', 'khaerum anisa', 'pass4', 1),
(5, 'Tantrianti ', 'Kuningan, Jawa Barat', '0', 'tantrianti ', 'pass5', 1),
(6, 'Widiyanti ', 'Kuningan, Jawa Barat', '0', 'widiyanti ', 'pass6', 2),
(7, 'Sintia Wati Dewi', 'Kuningan, Jawa Barat', '0', 'sintia wati dewi', 'pass7', 2),
(8, 'Wati Dewi', 'Kuningan, Jawa Barat', '0', 'wati dewi', 'pass8', 1),
(9, 'Nyimas Ayu Marina', 'Kuningan, Jawa Barat', '0', 'nyimas ayu marina', 'pass9', 1),
(10, 'Deri Hermawan ', 'Kuningan, Jawa Barat', '0', 'deri hermawan ', 'pass10', 2),
(11, 'Helana Feronika', 'Kuningan, Jawa Barat', '0', 'helana feronika', 'pass11', 2),
(12, 'Siti nurhayati', 'Kuningan, Jawa Barat', '0', 'siti nurhayati', 'pass12', 2),
(13, 'Bagus arif', 'Kuningan, Jawa Barat', '0', 'bagus arif', 'pass13', 2),
(14, 'Lulu khotimah', 'Kuningan, Jawa Barat', '0', 'lulu khotimah', 'pass14', 1),
(15, 'Lala Nurlaela', 'Kuningan, Jawa Barat', '0', 'lala nurlaela', 'pass15', 1),
(16, 'Wahyu Budiyono', 'Kuningan, Jawa Barat', '0', 'wahyu budiyono', 'pass16', 1),
(17, 'Ar Arum', 'Kuningan, Jawa Barat', '0', 'ar arum', 'pass17', 2),
(18, 'Hendri', 'Kuningan, Jawa Barat', '0', 'hendri', 'pass18', 2),
(19, 'Erlinda', 'Kuningan, Jawa Barat', '0', 'erlinda', 'pass19', 1),
(20, 'Berliana Sefy', 'Kuningan, Jawa Barat', '0', 'berliana sefy', 'pass20', 2);

-- --------------------------------------------------------

--
-- Table structure for table `penilaian`
--

CREATE TABLE `penilaian` (
  `id_penilaian` int(11) NOT NULL,
  `id_transaksi` int(11) NOT NULL,
  `review` text NOT NULL,
  `rating` int(11) NOT NULL,
  `time` timestamp NOT NULL DEFAULT current_timestamp() ON UPDATE current_timestamp()
) ENGINE=InnoDB DEFAULT CHARSET=latin1;

--
-- Dumping data for table `penilaian`
--

INSERT INTO `penilaian` (`id_penilaian`, `id_transaksi`, `review`, `rating`, `time`) VALUES
(1, 1, 'bagus banget', 3, '2024-07-10 23:54:52'),
(2, 6, 'luucuuu', 5, '2024-07-11 12:10:34');

-- --------------------------------------------------------

--
-- Table structure for table `produk`
--

CREATE TABLE `produk` (
  `id_produk` int(11) NOT NULL,
  `nama_produk` varchar(125) NOT NULL,
  `deskripsi` text NOT NULL,
  `keterangan` varchar(15) NOT NULL,
  `harga` varchar(15) NOT NULL,
  `kategori_produk` varchar(125) NOT NULL,
  `stok` int(11) NOT NULL,
  `foto` text NOT NULL
) ENGINE=InnoDB DEFAULT CHARSET=latin1;

--
-- Dumping data for table `produk`
--

INSERT INTO `produk` (`id_produk`, `nama_produk`, `deskripsi`, `keterangan`, `harga`, `kategori_produk`, `stok`, `foto`) VALUES
(1, 'Black Yak', 'Deskripsi produk Black Yak', 'pcs', '50000', 'jaket', 100, 'picture.jpg'),
(2, 'Adidas', 'Deskripsi produk Adidas', 'pcs', '450000', 'jaket', 100, 'picture.jpg'),
(3, 'Adidas Samba', 'Deskripsi produk Adidas Samba', 'pcs', '350000', 'sepatu', 100, 'picture.jpg'),
(4, 'Air Walk', 'Deskripsi produk Air Walk', 'pcs', '60000', 'jaket', 100, 'picture.jpg'),
(5, 'Aitoz', 'Deskripsi produk Aitoz', 'pcs', '50000', 'jaket', 100, 'picture.jpg'),
(6, 'Animous', 'Deskripsi produk Animous', 'pcs', '30000', 'jaket', 100, 'picture.jpg'),
(7, 'Arnold Bassini', 'Deskripsi produk Arnold Bassini', 'pcs', '50000', 'jaket', 100, 'picture.jpg'),
(8, 'Asics', 'Deskripsi produk Asics', 'pcs', '40000', 'jaket', 100, 'picture.jpg'),
(9, 'Balenciaga', 'Deskripsi produk Balenciaga', 'pcs', '110000', 'jaket', 100, 'picture.jpg'),
(10, 'Burberry', 'Deskripsi produk Burberry', 'pcs', '100000', 'jaket', 100, 'picture.jpg'),
(11, 'Carhart', 'Deskripsi produk Carhart', 'pcs', '60000', 'jaket', 100, 'picture.jpg'),
(12, 'Champions', 'Deskripsi produk Champions', 'pcs', '55000', 'jaket', 100, 'picture.jpg'),
(13, 'Columbia', 'Deskripsi produk Columbia', 'pcs', '190000', 'jaket', 100, 'picture.jpg'),
(14, 'Comonauts', 'Deskripsi produk Comonauts', 'pcs', '60000', 'jaket', 100, 'picture.jpg'),
(15, 'Convers', 'Deskripsi produk Convers', 'pcs', '200000', 'sepatu', 100, 'picture.jpg'),
(16, 'Dickies', 'Deskripsi produk Dickies', 'pcs', '150000', 'jaket', 100, 'picture.jpg'),
(17, 'East Hood', 'Deskripsi produk East Hood', 'pcs', '40000', 'jaket', 100, 'picture.jpg'),
(18, 'Everlast', 'Deskripsi produk Everlast', 'pcs', '60000', 'jaket', 100, 'picture.jpg'),
(19, 'Fila', 'Deskripsi produk Fila', 'pcs', '200000', 'jaket', 100, 'picture.jpg'),
(20, 'Gap', 'Deskripsi produk Gap', 'pcs', '160000', 'jaket', 100, 'picture.jpg'),
(21, 'Giga Id', 'Deskripsi produk Giga Id', 'pcs', '80000', 'jaket', 100, 'picture.jpg'),
(22, 'Givency', 'Deskripsi produk Givency', 'pcs', '120000', 'jaket', 100, 'picture.jpg'),
(23, 'K1', 'Deskripsi produk K1', 'pcs', '80000', 'jaket', 100, 'picture.jpg'),
(24, 'Kitc', 'Deskripsi produk Kitc', 'pcs', '96000', 'jaket', 100, 'picture.jpg'),
(25, 'K-Swiss', 'Deskripsi produk K-Swiss', 'pcs', '98000', 'jaket', 100, 'picture.jpg'),
(26, 'La', 'Deskripsi produk La', 'pcs', '170000', 'jaket', 100, 'picture.jpg'),
(27, 'Mizuno', 'Deskripsi produk Mizuno', 'pcs', '120000', 'jaket', 100, 'picture.jpg'),
(28, 'Monepic', 'Deskripsi produk Monepic', 'pcs', '90000', 'jaket', 100, 'picture.jpg'),
(29, 'Nb', 'Deskripsi produk Nb', 'pcs', '100000', 'sepatu', 100, 'picture.jpg'),
(30, 'Nepa', 'Deskripsi produk Nepa', 'pcs', '110000', 'sepatu', 100, 'picture.jpg'),
(31, 'New Balance', 'Deskripsi produk New Balance', 'pcs', '97000', 'sepatu', 100, 'picture.jpg'),
(32, 'Nike', 'Deskripsi produk Nike', 'pcs', '230000', 'sepatu', 100, 'picture.jpg'),
(33, 'Nike Air Max', 'Deskripsi produk Nike Air Max', 'pcs', '400000', 'sepatu', 100, 'picture.jpg'),
(34, 'Nike Air Flight', 'Deskripsi produk Nike Air Flight', 'pcs', '380000', 'sepatu', 100, 'picture.jpg'),
(35, 'Nike Air Jordan', 'Deskripsi produk Nike Air Jordan', 'pcs', '390000', 'sepatu', 100, 'picture.jpg'),
(36, 'Nike Jordan', 'Deskripsi produk Nike Jordan', 'pcs', '410000', 'sepatu', 100, 'picture.jpg'),
(37, 'Nike Sb Dunk', 'Deskripsi produk Nike Sb Dunk', 'pcs', '150000', 'sepatu', 100, 'picture.jpg'),
(38, 'Nike Vintage', 'Deskripsi produk Nike Vintage', 'pcs', '390000', 'sepatu', 100, 'picture.jpg'),
(39, 'Patagonia', 'Deskripsi produk Patagonia', 'pcs', '300000', 'jaket', 100, 'picture.jpg'),
(40, 'Polham', 'Deskripsi produk Polham', 'pcs', '290000', 'jaket', 100, 'picture.jpg'),
(41, 'Polo', 'Deskripsi produk Polo', 'pcs', '390000', 'jaket', 100, 'picture.jpg'),
(42, 'Prada', 'Deskripsi produk Prada', 'pcs', '120000', 'jaket', 100, 'picture.jpg'),
(43, 'Puma', 'Deskripsi produk Puma', 'pcs', '200000', 'jaket', 100, 'picture.jpg'),
(44, 'Queenbeer', 'Deskripsi produk Queenbeer', 'pcs', '90000', 'jaket', 100, 'picture.jpg'),
(45, 'Real Goose', 'Deskripsi produk Real Goose', 'pcs', '89000', 'jaket', 100, 'picture.jpg'),
(46, 'Roughneck', 'Deskripsi produk Roughneck', 'pcs', '79000', 'jaket', 100, 'picture.jpg'),
(47, 'Sch', 'Deskripsi produk Sch', 'pcs', '50000', 'jaket', 100, 'picture.jpg'),
(48, 'Siera Designes', 'Deskripsi produk Siera Designes', 'pcs', '90000', 'jaket', 100, 'picture.jpg'),
(49, 'Ssamzies', 'Deskripsi produk Ssamzies', 'pcs', '120000', 'jaket', 100, 'picture.jpg'),
(50, 'Stone Island', 'Deskripsi produk Stone Island', 'pcs', '115000', 'jaket', 100, 'picture.jpg'),
(51, 'Stussy', 'Deskripsi produk Stussy', 'pcs', '170000', 'jaket', 100, 'picture.jpg'),
(52, 'Tbutc', 'Deskripsi produk Tbutc', 'pcs', '89000', 'jaket', 100, 'picture.jpg'),
(53, 'The North Face', 'Deskripsi produk The North Face', 'pcs', '120000', 'jaket', 100, 'picture.jpg'),
(54, 'Thom Browne', 'Deskripsi produk Thom Browne', 'pcs', '100000', 'jaket', 100, 'picture.jpg'),
(55, 'Tommy', 'Deskripsi produk Tommy', 'pcs', '120000', 'jaket', 100, 'picture.jpg'),
(56, 'Uniqlo', 'Deskripsi produk Uniqlo', 'pcs', '88000', 'jaket', 100, 'picture.jpg'),
(57, 'Usa', 'Deskripsi produk Usa', 'pcs', '89000', 'jaket', 100, 'picture.jpg'),
(58, 'Vans', 'Deskripsi produk Vans', 'pcs', '120000', 'jaket', 100, 'picture.jpg'),
(59, 'Varsity', 'Deskripsi produk Varsity', 'pcs', '140000', 'jaket', 100, 'picture.jpg'),
(60, 'Yezzy', 'Deskripsi produk Yezzy', 'pcs', '135000', 'jaket', 100, 'picture.jpg'),
(61, 'Mountain', 'Deskripsi produk Mountain', 'pcs', '210000', 'jaket', 100, 'picture.jpg'),
(62, 'vintage', 'Deskripsi produk vintage', 'pcs', '100000', 'jaket', 100, 'picture.jpg');

-- --------------------------------------------------------

--
-- Table structure for table `transaksi`
--

CREATE TABLE `transaksi` (
  `id_transaksi` int(11) NOT NULL,
  `id_pelanggan` int(11) NOT NULL,
  `id_kupon` int(11) NOT NULL,
  `tgl_transaksi` varchar(15) NOT NULL,
  `total_transaksi` varchar(15) NOT NULL,
  `total_pembayaran` varchar(15) NOT NULL,
  `ongkir` varchar(15) NOT NULL,
  `stat_transaksi` int(11) NOT NULL,
  `bukti_payment` text NOT NULL,
  `metode_pembayaran` int(11) NOT NULL,
  `metode_pengiriman` int(11) NOT NULL,
  `alamat_pengiriman` text NOT NULL
) ENGINE=InnoDB DEFAULT CHARSET=latin1;

--
-- Dumping data for table `transaksi`
--

INSERT INTO `transaksi` (`id_transaksi`, `id_pelanggan`, `id_kupon`, `tgl_transaksi`, `total_transaksi`, `total_pembayaran`, `ongkir`, `stat_transaksi`, `bukti_payment`, `metode_pembayaran`, `metode_pengiriman`, `alamat_pengiriman`) VALUES
(1, 17, 0, '2022-07-22', '100000', '100000', '0', 4, '0', 0, 0, '0'),
(2, 14, 0, '2022-07-23', '450000', '450000', '0', 4, '0', 0, 0, '0'),
(3, 6, 0, '2022-07-24', '900000', '900000', '0', 4, '0', 0, 0, '0'),
(4, 10, 0, '2022-07-25', '450000', '450000', '0', 4, '0', 0, 0, '0'),
(5, 8, 0, '2022-07-26', '1350000', '1350000', '0', 4, '0', 0, 0, '0'),
(6, 1, 0, '2022-07-27', '1350000', '1350000', '0', 4, '0', 0, 0, '0'),
(7, 4, 0, '2022-07-28', '900000', '900000', '0', 4, '0', 0, 0, '0'),
(8, 8, 0, '2022-07-29', '900000', '900000', '0', 4, '0', 0, 0, '0'),
(9, 15, 0, '2022-07-30', '1350000', '1350000', '0', 4, '0', 0, 0, '0'),
(10, 12, 0, '2022-07-31', '450000', '450000', '0', 4, '0', 0, 0, '0'),
(11, 13, 0, '2022-08-01', '350000', '350000', '0', 4, '0', 0, 0, '0'),
(12, 4, 0, '2022-08-02', '1350000', '1350000', '0', 4, '0', 0, 0, '0'),
(13, 19, 0, '2022-08-03', '900000', '900000', '0', 4, '0', 0, 0, '0'),
(14, 18, 0, '2022-08-04', '1350000', '1350000', '0', 4, '0', 0, 0, '0'),
(15, 1, 0, '2022-08-05', '900000', '900000', '0', 4, '0', 0, 0, '0'),
(16, 11, 0, '2022-08-06', '1350000', '1350000', '0', 4, '0', 0, 0, '0'),
(17, 13, 0, '2022-08-07', '900000', '900000', '0', 4, '0', 0, 0, '0'),
(18, 8, 0, '2022-08-08', '900000', '900000', '0', 4, '0', 0, 0, '0'),
(19, 1, 0, '2022-08-09', '1350000', '1350000', '0', 4, '0', 0, 0, '0'),
(20, 3, 0, '2022-08-10', '350000', '350000', '0', 4, '0', 0, 0, '0'),
(21, 17, 0, '2022-08-11', '1050000', '1050000', '0', 4, '0', 0, 0, '0'),
(22, 17, 0, '2022-08-12', '350000', '350000', '0', 4, '0', 0, 0, '0'),
(23, 8, 0, '2022-08-13', '700000', '700000', '0', 4, '0', 0, 0, '0'),
(24, 11, 0, '2022-08-14', '700000', '700000', '0', 4, '0', 0, 0, '0'),
(25, 14, 0, '2022-08-15', '1050000', '1050000', '0', 4, '0', 0, 0, '0'),
(26, 15, 0, '2022-08-16', '1050000', '1050000', '0', 4, '0', 0, 0, '0'),
(27, 5, 0, '2022-08-17', '350000', '350000', '0', 4, '0', 0, 0, '0'),
(28, 16, 0, '2022-08-18', '350000', '350000', '0', 4, '0', 0, 0, '0'),
(29, 7, 0, '2022-08-19', '350000', '350000', '0', 4, '0', 0, 0, '0'),
(30, 15, 0, '2022-08-20', '700000', '700000', '0', 4, '0', 0, 0, '0'),
(31, 4, 0, '2022-08-21', '1050000', '1050000', '0', 4, '0', 0, 0, '0'),
(32, 5, 0, '2022-08-22', '1050000', '1050000', '0', 4, '0', 0, 0, '0'),
(33, 17, 0, '2022-08-23', '350000', '350000', '0', 4, '0', 0, 0, '0'),
(34, 2, 0, '2022-08-24', '700000', '700000', '0', 4, '0', 0, 0, '0'),
(35, 8, 0, '2022-08-25', '350000', '350000', '0', 4, '0', 0, 0, '0'),
(36, 18, 0, '2022-08-26', '700000', '700000', '0', 4, '0', 0, 0, '0'),
(37, 9, 0, '2022-08-27', '1050000', '1050000', '0', 4, '0', 0, 0, '0'),
(38, 16, 0, '2022-08-28', '700000', '700000', '0', 4, '0', 0, 0, '0'),
(39, 3, 0, '2022-08-29', '350000', '350000', '0', 4, '0', 0, 0, '0'),
(40, 20, 0, '2022-08-30', '700000', '700000', '0', 4, '0', 0, 0, '0'),
(41, 19, 0, '2022-08-31', '700000', '700000', '0', 4, '0', 0, 0, '0'),
(42, 1, 0, '2022-09-01', '700000', '700000', '0', 4, '0', 0, 0, '0'),
(43, 11, 0, '2022-09-02', '350000', '350000', '0', 4, '0', 0, 0, '0'),
(44, 6, 0, '2022-09-03', '700000', '700000', '0', 4, '0', 0, 0, '0'),
(45, 7, 0, '2022-09-04', '350000', '350000', '0', 4, '0', 0, 0, '0'),
(46, 6, 0, '2022-09-05', '350000', '350000', '0', 4, '0', 0, 0, '0'),
(47, 8, 0, '2022-09-06', '700000', '700000', '0', 4, '0', 0, 0, '0'),
(48, 12, 0, '2022-09-07', '700000', '700000', '0', 4, '0', 0, 0, '0'),
(49, 1, 0, '2022-09-08', '350000', '350000', '0', 4, '0', 0, 0, '0'),
(50, 15, 0, '2022-09-09', '700000', '700000', '0', 4, '0', 0, 0, '0'),
(51, 8, 0, '2022-09-10', '1050000', '1050000', '0', 4, '0', 0, 0, '0'),
(52, 13, 0, '2022-09-11', '350000', '350000', '0', 4, '0', 0, 0, '0'),
(53, 1, 0, '2022-09-12', '120000', '120000', '0', 4, '0', 0, 0, '0'),
(54, 8, 0, '2022-09-13', '150000', '150000', '0', 4, '0', 0, 0, '0'),
(55, 2, 0, '2022-09-14', '60000', '60000', '0', 4, '0', 0, 0, '0'),
(56, 2, 0, '2022-09-15', '90000', '90000', '0', 4, '0', 0, 0, '0'),
(57, 16, 0, '2022-09-16', '30000', '30000', '0', 4, '0', 0, 0, '0'),
(58, 4, 0, '2022-09-17', '100000', '100000', '0', 4, '0', 0, 0, '0'),
(59, 4, 0, '2022-09-18', '50000', '50000', '0', 4, '0', 0, 0, '0'),
(60, 12, 0, '2022-09-19', '100000', '100000', '0', 4, '0', 0, 0, '0'),
(61, 16, 0, '2022-09-20', '80000', '80000', '0', 4, '0', 0, 0, '0'),
(62, 17, 0, '2022-09-21', '80000', '80000', '0', 4, '0', 0, 0, '0'),
(63, 14, 0, '2022-09-22', '40000', '40000', '0', 4, '0', 0, 0, '0'),
(64, 11, 0, '2022-09-23', '40000', '40000', '0', 4, '0', 0, 0, '0'),
(65, 6, 0, '2022-09-24', '80000', '80000', '0', 4, '0', 0, 0, '0'),
(66, 15, 0, '2022-09-25', '330000', '330000', '0', 4, '0', 0, 0, '0'),
(67, 8, 0, '2022-09-26', '220000', '220000', '0', 4, '0', 0, 0, '0'),
(68, 3, 0, '2022-09-27', '100000', '100000', '0', 4, '0', 0, 0, '0'),
(69, 8, 0, '2022-09-28', '50000', '50000', '0', 4, '0', 0, 0, '0'),
(70, 14, 0, '2022-09-29', '150000', '150000', '0', 4, '0', 0, 0, '0'),
(71, 5, 0, '2022-09-30', '150000', '150000', '0', 4, '0', 0, 0, '0'),
(72, 16, 0, '2022-10-01', '300000', '300000', '0', 4, '0', 0, 0, '0'),
(73, 11, 0, '2022-10-02', '300000', '300000', '0', 4, '0', 0, 0, '0'),
(74, 1, 0, '2022-10-03', '120000', '120000', '0', 4, '0', 0, 0, '0'),
(75, 10, 0, '2022-10-04', '120000', '120000', '0', 4, '0', 0, 0, '0'),
(76, 18, 0, '2022-10-05', '180000', '180000', '0', 4, '0', 0, 0, '0'),
(77, 6, 0, '2022-10-06', '110000', '110000', '0', 4, '0', 0, 0, '0'),
(78, 3, 0, '2022-10-07', '380000', '380000', '0', 4, '0', 0, 0, '0'),
(79, 7, 0, '2022-10-08', '380000', '380000', '0', 4, '0', 0, 0, '0'),
(80, 10, 0, '2022-10-09', '180000', '180000', '0', 4, '0', 0, 0, '0'),
(81, 5, 0, '2022-10-10', '600000', '600000', '0', 4, '0', 0, 0, '0'),
(82, 2, 0, '2022-10-11', '400000', '400000', '0', 4, '0', 0, 0, '0'),
(83, 14, 0, '2022-10-12', '600000', '600000', '0', 4, '0', 0, 0, '0'),
(84, 2, 0, '2022-10-13', '400000', '400000', '0', 4, '0', 0, 0, '0'),
(85, 1, 0, '2022-10-14', '400000', '400000', '0', 4, '0', 0, 0, '0'),
(86, 6, 0, '2022-10-15', '400000', '400000', '0', 4, '0', 0, 0, '0'),
(87, 1, 0, '2022-10-16', '600000', '600000', '0', 4, '0', 0, 0, '0'),
(88, 3, 0, '2022-10-17', '200000', '200000', '0', 4, '0', 0, 0, '0'),
(89, 14, 0, '2022-10-18', '200000', '200000', '0', 4, '0', 0, 0, '0'),
(90, 14, 0, '2022-10-19', '600000', '600000', '0', 4, '0', 0, 0, '0'),
(91, 15, 0, '2022-10-20', '60000', '60000', '0', 4, '0', 0, 0, '0'),
(92, 4, 0, '2022-10-21', '180000', '180000', '0', 4, '0', 0, 0, '0'),
(93, 3, 0, '2022-10-22', '600000', '600000', '0', 4, '0', 0, 0, '0'),
(94, 14, 0, '2022-10-23', '450000', '450000', '0', 4, '0', 0, 0, '0'),
(95, 3, 0, '2022-10-24', '300000', '300000', '0', 4, '0', 0, 0, '0'),
(96, 10, 0, '2022-10-25', '80000', '80000', '0', 4, '0', 0, 0, '0'),
(97, 10, 0, '2022-10-26', '120000', '120000', '0', 4, '0', 0, 0, '0'),
(98, 13, 0, '2022-10-27', '80000', '80000', '0', 4, '0', 0, 0, '0'),
(99, 16, 0, '2022-10-28', '180000', '180000', '0', 4, '0', 0, 0, '0'),
(100, 15, 0, '2022-10-29', '180000', '180000', '0', 4, '0', 0, 0, '0'),
(101, 11, 0, '2022-10-30', '180000', '180000', '0', 4, '0', 0, 0, '0'),
(102, 19, 0, '2022-10-31', '200000', '200000', '0', 4, '0', 0, 0, '0'),
(103, 15, 0, '2022-11-01', '200000', '200000', '0', 4, '0', 0, 0, '0'),
(104, 3, 0, '2022-11-02', '600000', '600000', '0', 4, '0', 0, 0, '0'),
(105, 19, 0, '2022-11-03', '200000', '200000', '0', 4, '0', 0, 0, '0'),
(106, 13, 0, '2022-11-04', '200000', '200000', '0', 4, '0', 0, 0, '0'),
(107, 4, 0, '2022-11-05', '480000', '480000', '0', 4, '0', 0, 0, '0'),
(108, 12, 0, '2022-11-06', '160000', '160000', '0', 4, '0', 0, 0, '0'),
(109, 16, 0, '2022-11-07', '240000', '240000', '0', 4, '0', 0, 0, '0'),
(110, 3, 0, '2022-11-08', '80000', '80000', '0', 4, '0', 0, 0, '0'),
(111, 13, 0, '2022-11-09', '240000', '240000', '0', 4, '0', 0, 0, '0'),
(112, 16, 0, '2022-11-10', '120000', '120000', '0', 4, '0', 0, 0, '0'),
(113, 16, 0, '2022-11-11', '240000', '240000', '0', 4, '0', 0, 0, '0'),
(114, 9, 0, '2022-11-12', '160000', '160000', '0', 4, '0', 0, 0, '0'),
(115, 19, 0, '2022-11-13', '240000', '240000', '0', 4, '0', 0, 0, '0'),
(116, 11, 0, '2022-11-14', '160000', '160000', '0', 4, '0', 0, 0, '0'),
(117, 13, 0, '2022-11-15', '240000', '240000', '0', 4, '0', 0, 0, '0'),
(118, 12, 0, '2022-11-16', '96000', '96000', '0', 4, '0', 0, 0, '0'),
(119, 16, 0, '2022-11-17', '288000', '288000', '0', 4, '0', 0, 0, '0'),
(120, 4, 0, '2022-11-18', '96000', '96000', '0', 4, '0', 0, 0, '0'),
(121, 7, 0, '2022-11-19', '196000', '196000', '0', 4, '0', 0, 0, '0'),
(122, 7, 0, '2022-11-20', '170000', '170000', '0', 4, '0', 0, 0, '0'),
(123, 18, 0, '2022-11-21', '340000', '340000', '0', 4, '0', 0, 0, '0'),
(124, 8, 0, '2022-11-22', '340000', '340000', '0', 4, '0', 0, 0, '0'),
(125, 13, 0, '2022-11-23', '170000', '170000', '0', 4, '0', 0, 0, '0'),
(126, 16, 0, '2022-11-24', '360000', '360000', '0', 4, '0', 0, 0, '0'),
(127, 2, 0, '2022-11-25', '360000', '360000', '0', 4, '0', 0, 0, '0'),
(128, 1, 0, '2022-11-26', '360000', '360000', '0', 4, '0', 0, 0, '0'),
(129, 19, 0, '2022-11-27', '240000', '240000', '0', 4, '0', 0, 0, '0'),
(130, 3, 0, '2022-11-28', '360000', '360000', '0', 4, '0', 0, 0, '0'),
(131, 9, 0, '2022-11-29', '240000', '240000', '0', 4, '0', 0, 0, '0'),
(132, 14, 0, '2022-11-30', '360000', '360000', '0', 4, '0', 0, 0, '0'),
(133, 12, 0, '2022-12-01', '360000', '360000', '0', 4, '0', 0, 0, '0'),
(134, 18, 0, '2022-12-02', '240000', '240000', '0', 4, '0', 0, 0, '0'),
(135, 6, 0, '2022-12-03', '270000', '270000', '0', 4, '0', 0, 0, '0'),
(136, 6, 0, '2022-12-04', '270000', '270000', '0', 4, '0', 0, 0, '0'),
(137, 8, 0, '2022-12-05', '270000', '270000', '0', 4, '0', 0, 0, '0'),
(138, 2, 0, '2022-12-06', '180000', '180000', '0', 4, '0', 0, 0, '0'),
(139, 15, 0, '2022-12-07', '210000', '210000', '0', 4, '0', 0, 0, '0'),
(140, 8, 0, '2022-12-08', '100000', '100000', '0', 4, '0', 0, 0, '0'),
(141, 18, 0, '2022-12-09', '100000', '100000', '0', 4, '0', 0, 0, '0'),
(142, 8, 0, '2022-12-10', '300000', '300000', '0', 4, '0', 0, 0, '0'),
(143, 11, 0, '2022-12-11', '100000', '100000', '0', 4, '0', 0, 0, '0'),
(144, 2, 0, '2022-12-12', '100000', '100000', '0', 4, '0', 0, 0, '0'),
(145, 4, 0, '2022-12-13', '200000', '200000', '0', 4, '0', 0, 0, '0'),
(146, 20, 0, '2022-12-14', '200000', '200000', '0', 4, '0', 0, 0, '0'),
(147, 6, 0, '2022-12-15', '300000', '300000', '0', 4, '0', 0, 0, '0'),
(148, 2, 0, '2022-12-16', '100000', '100000', '0', 4, '0', 0, 0, '0'),
(149, 9, 0, '2022-12-17', '300000', '300000', '0', 4, '0', 0, 0, '0'),
(150, 18, 0, '2022-12-18', '100000', '100000', '0', 4, '0', 0, 0, '0'),
(151, 2, 0, '2022-12-19', '100000', '100000', '0', 4, '0', 0, 0, '0'),
(152, 15, 0, '2022-12-20', '200000', '200000', '0', 4, '0', 0, 0, '0'),
(153, 17, 0, '2022-12-21', '300000', '300000', '0', 4, '0', 0, 0, '0'),
(154, 1, 0, '2022-12-22', '100000', '100000', '0', 4, '0', 0, 0, '0'),
(155, 20, 0, '2022-12-23', '100000', '100000', '0', 4, '0', 0, 0, '0'),
(156, 9, 0, '2022-12-24', '200000', '200000', '0', 4, '0', 0, 0, '0'),
(157, 18, 0, '2022-12-25', '100000', '100000', '0', 4, '0', 0, 0, '0'),
(158, 15, 0, '2022-12-26', '200000', '200000', '0', 4, '0', 0, 0, '0'),
(159, 4, 0, '2022-12-27', '200000', '200000', '0', 4, '0', 0, 0, '0'),
(160, 12, 0, '2022-12-28', '100000', '100000', '0', 4, '0', 0, 0, '0'),
(161, 19, 0, '2022-12-29', '300000', '300000', '0', 4, '0', 0, 0, '0'),
(162, 10, 0, '2022-12-30', '200000', '200000', '0', 4, '0', 0, 0, '0'),
(163, 19, 0, '2022-12-31', '100000', '100000', '0', 4, '0', 0, 0, '0'),
(164, 8, 0, '2023-01-01', '300000', '300000', '0', 4, '0', 0, 0, '0'),
(165, 15, 0, '2023-01-02', '100000', '100000', '0', 4, '0', 0, 0, '0'),
(166, 14, 0, '2023-01-03', '300000', '300000', '0', 4, '0', 0, 0, '0'),
(167, 5, 0, '2023-01-04', '220000', '220000', '0', 4, '0', 0, 0, '0'),
(168, 2, 0, '2023-01-05', '110000', '110000', '0', 4, '0', 0, 0, '0'),
(169, 14, 0, '2023-01-06', '330000', '330000', '0', 4, '0', 0, 0, '0'),
(170, 12, 0, '2023-01-07', '220000', '220000', '0', 4, '0', 0, 0, '0'),
(171, 19, 0, '2023-01-08', '97000', '97000', '0', 4, '0', 0, 0, '0'),
(172, 8, 0, '2023-01-09', '194000', '194000', '0', 4, '0', 0, 0, '0'),
(173, 3, 0, '2023-01-10', '194000', '194000', '0', 4, '0', 0, 0, '0'),
(174, 11, 0, '2023-01-11', '230000', '230000', '0', 4, '0', 0, 0, '0'),
(175, 4, 0, '2023-01-12', '460000', '460000', '0', 4, '0', 0, 0, '0'),
(176, 19, 0, '2023-01-13', '690000', '690000', '0', 4, '0', 0, 0, '0'),
(177, 5, 0, '2023-01-14', '230000', '230000', '0', 4, '0', 0, 0, '0'),
(178, 4, 0, '2023-01-15', '460000', '460000', '0', 4, '0', 0, 0, '0'),
(179, 5, 0, '2023-01-16', '460000', '460000', '0', 4, '0', 0, 0, '0'),
(180, 13, 0, '2023-01-17', '690000', '690000', '0', 4, '0', 0, 0, '0'),
(181, 12, 0, '2023-01-18', '230000', '230000', '0', 4, '0', 0, 0, '0'),
(182, 1, 0, '2023-01-19', '230000', '230000', '0', 4, '0', 0, 0, '0'),
(183, 4, 0, '2023-01-20', '690000', '690000', '0', 4, '0', 0, 0, '0'),
(184, 11, 0, '2023-01-21', '690000', '690000', '0', 4, '0', 0, 0, '0'),
(185, 15, 0, '2023-01-22', '460000', '460000', '0', 4, '0', 0, 0, '0'),
(186, 19, 0, '2023-01-23', '690000', '690000', '0', 4, '0', 0, 0, '0'),
(187, 19, 0, '2023-01-24', '690000', '690000', '0', 4, '0', 0, 0, '0'),
(188, 15, 0, '2023-01-25', '230000', '230000', '0', 4, '0', 0, 0, '0'),
(189, 20, 0, '2023-01-26', '460000', '460000', '0', 4, '0', 0, 0, '0'),
(190, 7, 0, '2023-01-27', '230000', '230000', '0', 4, '0', 0, 0, '0'),
(191, 4, 0, '2023-01-28', '1200000', '1200000', '0', 4, '0', 0, 0, '0'),
(192, 7, 0, '2023-01-29', '380000', '380000', '0', 4, '0', 0, 0, '0'),
(193, 16, 0, '2023-01-30', '760000', '760000', '0', 4, '0', 0, 0, '0'),
(194, 16, 0, '2023-01-31', '780000', '780000', '0', 4, '0', 0, 0, '0'),
(195, 11, 0, '2023-02-01', '780000', '780000', '0', 4, '0', 0, 0, '0'),
(196, 10, 0, '2023-02-02', '1170000', '1170000', '0', 4, '0', 0, 0, '0'),
(197, 15, 0, '2023-02-03', '390000', '390000', '0', 4, '0', 0, 0, '0'),
(198, 17, 0, '2023-02-04', '1200000', '1200000', '0', 4, '0', 0, 0, '0'),
(199, 9, 0, '2023-02-05', '1200000', '1200000', '0', 4, '0', 0, 0, '0'),
(200, 4, 0, '2023-02-06', '800000', '800000', '0', 4, '0', 0, 0, '0'),
(201, 14, 0, '2023-02-07', '800000', '800000', '0', 4, '0', 0, 0, '0'),
(202, 10, 0, '2023-02-08', '800000', '800000', '0', 4, '0', 0, 0, '0'),
(203, 13, 0, '2023-02-09', '1200000', '1200000', '0', 4, '0', 0, 0, '0'),
(204, 16, 0, '2023-02-10', '400000', '400000', '0', 4, '0', 0, 0, '0'),
(205, 15, 0, '2023-02-11', '400000', '400000', '0', 4, '0', 0, 0, '0'),
(206, 18, 0, '2023-02-12', '1200000', '1200000', '0', 4, '0', 0, 0, '0'),
(207, 1, 0, '2023-02-13', '1200000', '1200000', '0', 4, '0', 0, 0, '0'),
(208, 13, 0, '2023-02-14', '800000', '800000', '0', 4, '0', 0, 0, '0'),
(209, 5, 0, '2023-02-15', '800000', '800000', '0', 4, '0', 0, 0, '0'),
(210, 19, 0, '2023-02-16', '800000', '800000', '0', 4, '0', 0, 0, '0'),
(211, 18, 0, '2023-02-17', '400000', '400000', '0', 4, '0', 0, 0, '0'),
(212, 3, 0, '2023-02-18', '400000', '400000', '0', 4, '0', 0, 0, '0'),
(213, 19, 0, '2023-02-19', '400000', '400000', '0', 4, '0', 0, 0, '0'),
(214, 12, 0, '2023-02-20', '400000', '400000', '0', 4, '0', 0, 0, '0'),
(215, 8, 0, '2023-02-21', '800000', '800000', '0', 4, '0', 0, 0, '0'),
(216, 10, 0, '2023-02-22', '400000', '400000', '0', 4, '0', 0, 0, '0'),
(217, 12, 0, '2023-02-23', '1200000', '1200000', '0', 4, '0', 0, 0, '0'),
(218, 20, 0, '2023-02-24', '800000', '800000', '0', 4, '0', 0, 0, '0'),
(219, 19, 0, '2023-02-25', '1200000', '1200000', '0', 4, '0', 0, 0, '0'),
(220, 10, 0, '2023-02-26', '1200000', '1200000', '0', 4, '0', 0, 0, '0'),
(221, 18, 0, '2023-02-27', '400000', '400000', '0', 4, '0', 0, 0, '0'),
(222, 2, 0, '2023-02-28', '1200000', '1200000', '0', 4, '0', 0, 0, '0'),
(223, 15, 0, '2023-03-01', '400000', '400000', '0', 4, '0', 0, 0, '0'),
(224, 14, 0, '2023-03-02', '800000', '800000', '0', 4, '0', 0, 0, '0'),
(225, 5, 0, '2023-03-03', '800000', '800000', '0', 4, '0', 0, 0, '0'),
(226, 17, 0, '2023-03-04', '800000', '800000', '0', 4, '0', 0, 0, '0'),
(227, 9, 0, '2023-03-05', '1200000', '1200000', '0', 4, '0', 0, 0, '0'),
(228, 9, 0, '2023-03-06', '800000', '800000', '0', 4, '0', 0, 0, '0'),
(229, 20, 0, '2023-03-07', '1200000', '1200000', '0', 4, '0', 0, 0, '0'),
(230, 9, 0, '2023-03-08', '800000', '800000', '0', 4, '0', 0, 0, '0'),
(231, 8, 0, '2023-03-09', '800000', '800000', '0', 4, '0', 0, 0, '0'),
(232, 17, 0, '2023-03-10', '400000', '400000', '0', 4, '0', 0, 0, '0'),
(233, 17, 0, '2023-03-11', '400000', '400000', '0', 4, '0', 0, 0, '0'),
(234, 6, 0, '2023-03-12', '400000', '400000', '0', 4, '0', 0, 0, '0'),
(235, 5, 0, '2023-03-13', '390000', '390000', '0', 4, '0', 0, 0, '0'),
(236, 17, 0, '2023-03-14', '1170000', '1170000', '0', 4, '0', 0, 0, '0'),
(237, 16, 0, '2023-03-15', '1170000', '1170000', '0', 4, '0', 0, 0, '0'),
(238, 6, 0, '2023-03-16', '390000', '390000', '0', 4, '0', 0, 0, '0'),
(239, 5, 0, '2023-03-17', '390000', '390000', '0', 4, '0', 0, 0, '0'),
(240, 3, 0, '2023-03-18', '1170000', '1170000', '0', 4, '0', 0, 0, '0'),
(241, 10, 0, '2023-03-19', '1170000', '1170000', '0', 4, '0', 0, 0, '0'),
(242, 17, 0, '2023-03-20', '780000', '780000', '0', 4, '0', 0, 0, '0'),
(243, 10, 0, '2023-03-21', '390000', '390000', '0', 4, '0', 0, 0, '0'),
(244, 13, 0, '2023-03-22', '390000', '390000', '0', 4, '0', 0, 0, '0'),
(245, 5, 0, '2023-03-23', '1170000', '1170000', '0', 4, '0', 0, 0, '0'),
(246, 4, 0, '2023-03-24', '780000', '780000', '0', 4, '0', 0, 0, '0'),
(247, 8, 0, '2023-03-25', '1170000', '1170000', '0', 4, '0', 0, 0, '0'),
(248, 18, 0, '2023-03-26', '390000', '390000', '0', 4, '0', 0, 0, '0'),
(249, 3, 0, '2023-03-27', '390000', '390000', '0', 4, '0', 0, 0, '0'),
(250, 4, 0, '2023-03-28', '390000', '390000', '0', 4, '0', 0, 0, '0'),
(251, 14, 0, '2023-03-29', '780000', '780000', '0', 4, '0', 0, 0, '0'),
(252, 4, 0, '2023-03-30', '780000', '780000', '0', 4, '0', 0, 0, '0'),
(253, 6, 0, '2023-03-31', '780000', '780000', '0', 4, '0', 0, 0, '0'),
(254, 11, 0, '2023-04-01', '390000', '390000', '0', 4, '0', 0, 0, '0'),
(255, 9, 0, '2023-04-02', '1170000', '1170000', '0', 4, '0', 0, 0, '0'),
(256, 16, 0, '2023-04-03', '780000', '780000', '0', 4, '0', 0, 0, '0'),
(257, 19, 0, '2023-04-04', '450000', '450000', '0', 4, '0', 0, 0, '0'),
(258, 17, 0, '2023-04-05', '150000', '150000', '0', 4, '0', 0, 0, '0'),
(259, 20, 0, '2023-04-06', '150000', '150000', '0', 4, '0', 0, 0, '0'),
(260, 20, 0, '2023-04-07', '300000', '300000', '0', 4, '0', 0, 0, '0'),
(261, 18, 0, '2023-04-08', '1170000', '1170000', '0', 4, '0', 0, 0, '0'),
(262, 15, 0, '2023-04-09', '900000', '900000', '0', 4, '0', 0, 0, '0'),
(263, 5, 0, '2023-04-10', '870000', '870000', '0', 4, '0', 0, 0, '0'),
(264, 11, 0, '2023-04-11', '870000', '870000', '0', 4, '0', 0, 0, '0'),
(265, 2, 0, '2023-04-12', '870000', '870000', '0', 4, '0', 0, 0, '0'),
(266, 3, 0, '2023-04-13', '580000', '580000', '0', 4, '0', 0, 0, '0'),
(267, 14, 0, '2023-04-14', '780000', '780000', '0', 4, '0', 0, 0, '0'),
(268, 13, 0, '2023-04-15', '780000', '780000', '0', 4, '0', 0, 0, '0'),
(269, 19, 0, '2023-04-16', '1170000', '1170000', '0', 4, '0', 0, 0, '0'),
(270, 16, 0, '2023-04-17', '780000', '780000', '0', 4, '0', 0, 0, '0'),
(271, 7, 0, '2023-04-18', '780000', '780000', '0', 4, '0', 0, 0, '0'),
(272, 16, 0, '2023-04-19', '240000', '240000', '0', 4, '0', 0, 0, '0'),
(273, 14, 0, '2023-04-20', '240000', '240000', '0', 4, '0', 0, 0, '0'),
(274, 7, 0, '2023-04-21', '600000', '600000', '0', 4, '0', 0, 0, '0'),
(275, 9, 0, '2023-04-22', '400000', '400000', '0', 4, '0', 0, 0, '0'),
(276, 2, 0, '2023-04-23', '600000', '600000', '0', 4, '0', 0, 0, '0'),
(277, 1, 0, '2023-04-24', '180000', '180000', '0', 4, '0', 0, 0, '0'),
(278, 16, 0, '2023-04-25', '180000', '180000', '0', 4, '0', 0, 0, '0'),
(279, 13, 0, '2023-04-26', '180000', '180000', '0', 4, '0', 0, 0, '0'),
(280, 1, 0, '2023-04-27', '89000', '89000', '0', 4, '0', 0, 0, '0'),
(281, 6, 0, '2023-04-28', '89000', '89000', '0', 4, '0', 0, 0, '0'),
(282, 10, 0, '2023-04-29', '89000', '89000', '0', 4, '0', 0, 0, '0'),
(283, 14, 0, '2023-04-30', '89000', '89000', '0', 4, '0', 0, 0, '0'),
(284, 6, 0, '2023-05-01', '79000', '79000', '0', 4, '0', 0, 0, '0'),
(285, 7, 0, '2023-05-02', '79000', '79000', '0', 4, '0', 0, 0, '0'),
(286, 16, 0, '2023-05-03', '237000', '237000', '0', 4, '0', 0, 0, '0'),
(287, 7, 0, '2023-05-04', '158000', '158000', '0', 4, '0', 0, 0, '0'),
(288, 3, 0, '2023-05-05', '50000', '50000', '0', 4, '0', 0, 0, '0'),
(289, 7, 0, '2023-05-06', '100000', '100000', '0', 4, '0', 0, 0, '0'),
(290, 18, 0, '2023-05-07', '150000', '150000', '0', 4, '0', 0, 0, '0'),
(291, 1, 0, '2023-05-08', '100000', '100000', '0', 4, '0', 0, 0, '0'),
(292, 17, 0, '2023-05-09', '150000', '150000', '0', 4, '0', 0, 0, '0'),
(293, 6, 0, '2023-05-10', '180000', '180000', '0', 4, '0', 0, 0, '0'),
(294, 19, 0, '2023-05-11', '270000', '270000', '0', 4, '0', 0, 0, '0'),
(295, 13, 0, '2023-05-12', '360000', '360000', '0', 4, '0', 0, 0, '0'),
(296, 11, 0, '2023-05-13', '115000', '115000', '0', 4, '0', 0, 0, '0'),
(297, 13, 0, '2023-05-14', '170000', '170000', '0', 4, '0', 0, 0, '0'),
(298, 6, 0, '2023-05-15', '89000', '89000', '0', 4, '0', 0, 0, '0'),
(299, 2, 0, '2023-05-16', '267000', '267000', '0', 4, '0', 0, 0, '0'),
(300, 16, 0, '2023-05-17', '89000', '89000', '0', 4, '0', 0, 0, '0'),
(301, 12, 0, '2023-05-18', '89000', '89000', '0', 4, '0', 0, 0, '0'),
(302, 5, 0, '2023-05-19', '178000', '178000', '0', 4, '0', 0, 0, '0'),
(303, 9, 0, '2023-05-20', '120000', '120000', '0', 4, '0', 0, 0, '0'),
(304, 2, 0, '2023-05-21', '120000', '120000', '0', 4, '0', 0, 0, '0'),
(305, 3, 0, '2023-05-22', '240000', '240000', '0', 4, '0', 0, 0, '0'),
(306, 6, 0, '2023-05-23', '360000', '360000', '0', 4, '0', 0, 0, '0'),
(307, 1, 0, '2023-05-24', '360000', '360000', '0', 4, '0', 0, 0, '0'),
(308, 20, 0, '2023-05-25', '240000', '240000', '0', 4, '0', 0, 0, '0'),
(309, 15, 0, '2023-05-26', '200000', '200000', '0', 4, '0', 0, 0, '0'),
(310, 6, 0, '2023-05-27', '300000', '300000', '0', 4, '0', 0, 0, '0'),
(311, 13, 0, '2023-05-28', '300000', '300000', '0', 4, '0', 0, 0, '0'),
(312, 16, 0, '2023-05-29', '120000', '120000', '0', 4, '0', 0, 0, '0'),
(313, 1, 0, '2023-05-30', '264000', '264000', '0', 4, '0', 0, 0, '0'),
(314, 14, 0, '2023-05-31', '88000', '88000', '0', 4, '0', 0, 0, '0'),
(315, 16, 0, '2023-06-01', '88000', '88000', '0', 4, '0', 0, 0, '0'),
(316, 6, 0, '2023-06-02', '88000', '88000', '0', 4, '0', 0, 0, '0'),
(317, 19, 0, '2023-06-03', '264000', '264000', '0', 4, '0', 0, 0, '0'),
(318, 18, 0, '2023-06-04', '88000', '88000', '0', 4, '0', 0, 0, '0'),
(319, 16, 0, '2023-06-05', '264000', '264000', '0', 4, '0', 0, 0, '0'),
(320, 13, 0, '2023-06-06', '176000', '176000', '0', 4, '0', 0, 0, '0'),
(321, 15, 0, '2023-06-07', '264000', '264000', '0', 4, '0', 0, 0, '0'),
(322, 12, 0, '2023-06-08', '89000', '89000', '0', 4, '0', 0, 0, '0'),
(323, 3, 0, '2023-06-09', '267000', '267000', '0', 4, '0', 0, 0, '0'),
(324, 1, 0, '2023-06-10', '178000', '178000', '0', 4, '0', 0, 0, '0'),
(325, 8, 0, '2023-06-11', '120000', '120000', '0', 4, '0', 0, 0, '0'),
(326, 5, 0, '2023-06-12', '240000', '240000', '0', 4, '0', 0, 0, '0'),
(327, 5, 0, '2023-06-13', '420000', '420000', '0', 4, '0', 0, 0, '0'),
(328, 2, 0, '2023-06-14', '100000', '100000', '0', 4, '0', 0, 0, '0'),
(329, 17, 0, '2023-06-15', '100000', '100000', '0', 4, '0', 0, 0, '0'),
(330, 5, 0, '2023-06-16', '200000', '200000', '0', 4, '0', 0, 0, '0'),
(331, 2, 0, '2023-06-17', '100000', '100000', '0', 4, '0', 0, 0, '0'),
(332, 2, 0, '2023-06-18', '300000', '300000', '0', 4, '0', 0, 0, '0'),
(333, 3, 0, '2023-06-19', '270000', '270000', '0', 4, '0', 0, 0, '0'),
(334, 2, 0, '2023-06-20', '135000', '135000', '0', 4, '0', 0, 0, '0'),
(335, 9, 0, '2023-06-21', '270000', '270000', '0', 4, '0', 0, 0, '0'),
(336, 19, 0, '2023-06-22', '405000', '405000', '0', 4, '0', 0, 0, '0');

-- --------------------------------------------------------

--
-- Table structure for table `user`
--

CREATE TABLE `user` (
  `id_user` int(11) NOT NULL,
  `nama` varchar(125) NOT NULL,
  `username` varchar(125) NOT NULL,
  `password` varchar(125) NOT NULL,
  `level_user` int(11) NOT NULL
) ENGINE=InnoDB DEFAULT CHARSET=latin1;

--
-- Dumping data for table `user`
--

INSERT INTO `user` (`id_user`, `nama`, `username`, `password`, `level_user`) VALUES
(1, 'Admin', 'admin', 'admin', 1),
(3, 'Pemilik', 'pemilik', 'pemilik', 2);

--
-- Indexes for dumped tables
--

--
-- Indexes for table `chatting`
--
ALTER TABLE `chatting`
  ADD PRIMARY KEY (`id_chatting`);

--
-- Indexes for table `detail_tran`
--
ALTER TABLE `detail_tran`
  ADD PRIMARY KEY (`id_detail`);

--
-- Indexes for table `diskon`
--
ALTER TABLE `diskon`
  ADD PRIMARY KEY (`id_diskon`);

--
-- Indexes for table `kupon`
--
ALTER TABLE `kupon`
  ADD PRIMARY KEY (`id_kupon`);

--
-- Indexes for table `pelanggan`
--
ALTER TABLE `pelanggan`
  ADD PRIMARY KEY (`id_pelanggan`);

--
-- Indexes for table `penilaian`
--
ALTER TABLE `penilaian`
  ADD PRIMARY KEY (`id_penilaian`);

--
-- Indexes for table `produk`
--
ALTER TABLE `produk`
  ADD PRIMARY KEY (`id_produk`);

--
-- Indexes for table `transaksi`
--
ALTER TABLE `transaksi`
  ADD PRIMARY KEY (`id_transaksi`);

--
-- Indexes for table `user`
--
ALTER TABLE `user`
  ADD PRIMARY KEY (`id_user`);

--
-- AUTO_INCREMENT for dumped tables
--

--
-- AUTO_INCREMENT for table `chatting`
--
ALTER TABLE `chatting`
  MODIFY `id_chatting` int(11) NOT NULL AUTO_INCREMENT, AUTO_INCREMENT=4;

--
-- AUTO_INCREMENT for table `detail_tran`
--
ALTER TABLE `detail_tran`
  MODIFY `id_detail` int(11) NOT NULL AUTO_INCREMENT, AUTO_INCREMENT=337;

--
-- AUTO_INCREMENT for table `diskon`
--
ALTER TABLE `diskon`
  MODIFY `id_diskon` int(11) NOT NULL AUTO_INCREMENT, AUTO_INCREMENT=3;

--
-- AUTO_INCREMENT for table `kupon`
--
ALTER TABLE `kupon`
  MODIFY `id_kupon` int(11) NOT NULL AUTO_INCREMENT, AUTO_INCREMENT=3;

--
-- AUTO_INCREMENT for table `pelanggan`
--
ALTER TABLE `pelanggan`
  MODIFY `id_pelanggan` int(11) NOT NULL AUTO_INCREMENT, AUTO_INCREMENT=21;

--
-- AUTO_INCREMENT for table `penilaian`
--
ALTER TABLE `penilaian`
  MODIFY `id_penilaian` int(11) NOT NULL AUTO_INCREMENT, AUTO_INCREMENT=3;

--
-- AUTO_INCREMENT for table `produk`
--
ALTER TABLE `produk`
  MODIFY `id_produk` int(11) NOT NULL AUTO_INCREMENT, AUTO_INCREMENT=63;

--
-- AUTO_INCREMENT for table `transaksi`
--
ALTER TABLE `transaksi`
  MODIFY `id_transaksi` int(11) NOT NULL AUTO_INCREMENT, AUTO_INCREMENT=337;

--
-- AUTO_INCREMENT for table `user`
--
ALTER TABLE `user`
  MODIFY `id_user` int(11) NOT NULL AUTO_INCREMENT, AUTO_INCREMENT=4;
COMMIT;

/*!40101 SET CHARACTER_SET_CLIENT=@OLD_CHARACTER_SET_CLIENT */;
/*!40101 SET CHARACTER_SET_RESULTS=@OLD_CHARACTER_SET_RESULTS */;
/*!40101 SET COLLATION_CONNECTION=@OLD_COLLATION_CONNECTION */;
